,CTEC
,BIFF
,LUCE
,MOTR
,FORT
,CSP
,ASCL
,GYM 
,MCS 
,HSW 
,EQN 
,IBST
,WPG 
,HSTG
,OTB 
,SOPH
,AUTO
,DFS 
,HSS 
,CHOO
,SPI 
,SSPG
,IEH 
,AA. 
,FAN 
,ZPLA
,FDM 
,GMD 
,CLG 
,SAGA
,CARD
,CMBN
,EXO
,PLP
,JE
,BRIT
,GMS
,CIR
,PETS
,PLND
,AO
,MCLS
,SERV
,INFI
,MERL
,STCK
,RMG
,PA
,HTY
,ESUR
,CRST
,DLG
,EAS
,RPO
,OPHR
,ETLN
,PER
,OCDO
,ESSR
,EXI
,CAD
,FRES
,ENRC
,CRND
,TCY
,SEPU
,MONY
,SPGH
,FXPO
,PVCS
,EAGA
,HFG
,CINE
,WSM
,XCH
,SPD
,HSD
,SMDR
,LSL
,HOC
,STY
,DNLM
,EXPN
,SCHE
,SL
,CNP
,DEB
,RMV
,SWG
,OPTS
,QQ
,BVIC
,STHR
,GND
,HIK
,KAZ
,PFC
,LAN
,ISAT
,PSK
,MCRO
,FOSE
,ARA
,CART
,ARG
,RAY
,PHNX
,JSP
,ADM
,PAY
,VMOB
,E2V
,PFD
,OFF
,HFD
,UMB
,PWS
,DTY
,EIR
,AKT
,CSR
,BUR
,VED
,WLF
,YELL
,SDX
,BRBY
,MCHL
,WMH
,WG.
,ITRK
,PUB
,HMV
CRG,CORIN
,DCA
,XTA
,VPC
INTD,IDHC
,VAN
,MAS
